<?xml version="1.0" encoding="UTF-8" standalone="yes"?>
<addon id="repository.relict" name="Relict Kodi Add-ons" version="1.0.0" provider-name="relict">
	<extension point="xbmc.addon.repository" name="Relict Kodi Add-ons">
		<info compressed="false">https://raw.githubusercontent.com/relictMarauder/kodi/master/addons.xml</info>
		<checksum>https://raw.githubusercontent.com/relictMarauder/kodi/master/addons.xml.md5</checksum>
		<datadir zip="true">https://raw.githubusercontent.com/relictMarauder/kodi/master/repo/</datadir>
	</extension>
	<extension point="xbmc.addon.metadata">
		<summary>Install Add-ons from seppius Add-on Repository</summary>
		<description>Plug-ins for XBMC</description>
		<disclaimer>There are add-ons that allow viewing popular Russian resources in the program XBMC</disclaimer>
		<platform>all</platform>
	</extension>
</addon>
